{"aim_sensivity":0.2,"ammo":0,"door_list":[[67,6,false]],"entity_list":[[4.0,8.400000000000006,0,100],[67.0,3.5999999999999988,0,100]],"entitytile_list":[],"inventory":[1,2,3,3],"item_list":[],"level":0,"px":53,"py":5}