{"aim_sensivity":0.2,"ammo":12,"door_list":[[7,4,true],[7,8,false],[25,3,false],[47,6,false],[66,11,false]],"entity_list":[[30.0,10.0,0,100],[29.200000000000003,10.799999999999997,0,100],[8.400000000000002,7.6000000000000005,0,100]],"entitytile_list":[[12,2,1,100]],"inventory":[1,2,3],"item_list":[[55,1,3],[56,1,3],[57,1,2],[63,13,4]],"level":1,"px":16,"py":4}