{"aim_sensivity":0.2,"ammo":0,"door_list":[[67,6,false]],"entity_list":[[22.0,10.599999999999998,0,100],[54.200000000000045,8.799999999999999,0,100]],"entitytile_list":[],"inventory":[],"item_list":[[1,10,1],[20,10,2],[21,10,3],[55,8,3]],"level":0,"px":1,"py":1}
